ID,Name,Address,Roll,Skill,Salary,Marital_Status,DateOfJoin,DOB
160420211,Employee_1,157/1 main st,Roll_1,Skill_1,100001,Married,10/10/2000,01/01/1990
160420212,Employee_2,157/2 main st,Roll_2,Skill_2,100002,Married,10/10/2000,01/01/1990
160420213,Employee_3,157/3 main st,Roll_3,Skill_3,100003,Married,10/10/2000,01/01/1990
160420214,Employee_4,157/4 main st,Roll_4,Skill_4,100004,Married,10/10/2000,01/01/1990
160420215,Employee_5,157/5 main st,Roll_5,Skill_5,100005,Married,10/10/2000,01/01/1990
160420216,Employee_6,157/6 main st,Roll_6,Skill_6,100006,Married,10/10/2000,01/01/1990
160420217,Employee_7,157/7 main st,Roll_7,Skill_7,100007,Married,10/10/2000,01/01/1990
160420218,Employee_8,157/8 main st,Roll_8,Skill_8,100008,Married,10/10/2000,01/01/1990
160420219,Employee_9,157/9 main st,Roll_9,Skill_9,100009,Married,10/10/2000,01/01/1990
1604202110,Employee_10,157/10 main st,Roll_10,Skill_10,1000010,Married,10/10/2000,01/01/1990
